{
    "learning_rate": 1.5125124423660624e-05,
    "ent_coef": 0.042565824106127644,
    "batch_size": 128,
    "n_steps": 2048,
    "gamma": 0.9999,
    "gae_lambda": 0.9,
    "clip_range": 0.3,
    "n_epochs": 20
}