{
    "learning_rate": 1.5844735793236316e-05,
    "ent_coef": 0.0382583168739819,
    "batch_size": 128,
    "n_steps": 2048,
    "gamma": 0.9999,
    "gae_lambda": 0.9,
    "clip_range": 0.3,
    "n_epochs": 20
}