{
    "learning_rate": 3.0040344066764016e-05,
    "ent_coef": 0.029894526742919963,
    "batch_size": 128,
    "n_steps": 4096,
    "gamma": 0.999,
    "gae_lambda": 0.9,
    "clip_range": 0.2,
    "n_epochs": 5
}