{
    "learning_rate": 0.00041680436203623633,
    "ent_coef": 0.09375859033810274,
    "batch_size": 128,
    "n_steps": 4096,
    "gamma": 0.956214188895255,
    "gae_lambda": 0.9045789204402183,
    "clip_range": 0.10262806314356167,
    "n_epochs": 6,
    "max_grad_norm": 0.5730355087133141,
    "alpha": 0.053281848595722506
}