{
    "learning_rate": 9.179249437400655e-05,
    "ent_coef": 0.09940617105432628,
    "batch_size": 512,
    "n_steps": 8192,
    "gamma": 0.9658361937522428,
    "gae_lambda": 0.8309362189891414,
    "clip_range": 0.19546703111588737,
    "n_epochs": 5,
    "max_grad_norm": 0.744587067157396,
    "alpha": 0.033531885819556205
}