{
    "learning_rate": 2.4549763701438116e-05,
    "ent_coef": 0.08028477232285094,
    "batch_size": 128,
    "n_steps": 8192,
    "gamma": 0.9903733158626628,
    "gae_lambda": 0.9853007551211042,
    "clip_range": 0.29666692455804816,
    "n_epochs": 7,
    "max_grad_norm": 0.8752619913246171
}